date,home_team,away_team,home_score,away_score,competition,home_xg,away_xg,home_shots,away_shots,home_sot,away_sot
2018-06-14,Russia,Saudi Arabia,5,0,FIFA World Cup 2018,1.2816,0.2488,14,6.0,7,0.0
2018-06-15,Morocco,Iran,0,1,FIFA World Cup 2018,1.0592,0.6976,14,8.0,3,2.0
2018-06-15,Egypt,Uruguay,0,1,FIFA World Cup 2018,0.3645,1.9408,8,16.0,3,4.0
2018-06-15,Portugal,Spain,3,3,FIFA World Cup 2018,1.4346,1.6609,10,12.0,3,5.0
2018-06-16,Argentina,Iceland,1,1,FIFA World Cup 2018,2.0805,1.0321,28,9.0,7,2.0
2018-06-16,France,Australia,2,1,FIFA World Cup 2018,1.5616,0.98,12,5.0,4,2.0
2018-06-16,Croatia,Nigeria,2,0,FIFA World Cup 2018,1.6945,0.7623,11,13.0,2,2.0
2018-06-16,Peru,Denmark,0,1,FIFA World Cup 2018,1.9264,1.1216,17,11.0,6,3.0
2018-06-17,Germany,Mexico,0,1,FIFA World Cup 2018,2.2993,0.9933,26,12.0,9,4.0
2018-06-17,Costa Rica,Serbia,0,1,FIFA World Cup 2018,0.596,1.9926,10,12.0,3,2.0
2018-06-17,Brazil,Switzerland,1,1,FIFA World Cup 2018,1.8666,0.4721,21,7.0,4,2.0
2018-06-18,Tunisia,England,1,2,FIFA World Cup 2018,0.9457,2.6264,6,18.0,1,7.0
2018-06-18,Belgium,Panama,3,0,FIFA World Cup 2018,1.2121,0.6254,15,7.0,6,2.0
2018-06-18,Sweden,South Korea,1,0,FIFA World Cup 2018,2.0151,0.4144,16,5.0,4,0.0
2018-06-19,Colombia,Japan,1,2,FIFA World Cup 2018,0.8063,2.3207,10,14.0,3,6.0
2018-06-19,Russia,Egypt,3,1,FIFA World Cup 2018,0.9812,1.6975,12,15.0,4,2.0
2018-06-19,Poland,Senegal,1,2,FIFA World Cup 2018,1.0423,1.4278,10,7.0,3,1.0
2018-06-20,Uruguay,Saudi Arabia,1,0,FIFA World Cup 2018,1.8074,0.2735,14,8.0,3,2.0
2018-06-20,Iran,Spain,0,1,FIFA World Cup 2018,0.4265,2.197,6,18.0,0,3.0
2018-06-20,Portugal,Morocco,1,0,FIFA World Cup 2018,0.885,1.4551,12,17.0,2,4.0
2018-06-21,France,Peru,1,0,FIFA World Cup 2018,1.8624,0.6252,12,12.0,4,2.0
2018-06-21,Argentina,Croatia,0,3,FIFA World Cup 2018,1.2181,1.8317,10,14.0,3,5.0
2018-06-21,Denmark,Australia,1,1,FIFA World Cup 2018,1.0144,1.4122,10,13.0,5,5.0
2018-06-22,Serbia,Switzerland,1,2,FIFA World Cup 2018,1.1535,1.5573,12,19.0,3,5.0
2018-06-22,Nigeria,Iceland,2,0,FIFA World Cup 2018,1.3122,1.5522,17,10.0,4,3.0
2018-06-22,Brazil,Costa Rica,2,0,FIFA World Cup 2018,3.0964,0.1587,23,4.0,9,0.0
2018-06-23,Belgium,Tunisia,5,2,FIFA World Cup 2018,5.3364,1.1882,23,17.0,11,5.0
2018-06-23,South Korea,Mexico,1,2,FIFA World Cup 2018,0.8218,1.8776,17,14.0,6,5.0
2018-06-23,Germany,Sweden,2,1,FIFA World Cup 2018,1.3181,0.8152,18,7.0,5,6.0
2018-06-24,Poland,Colombia,0,3,FIFA World Cup 2018,1.1142,1.3869,11,13.0,2,3.0
2018-06-24,Japan,Senegal,2,2,FIFA World Cup 2018,0.9822,1.8783,7,15.0,3,7.0
2018-06-24,England,Panama,6,1,FIFA World Cup 2018,3.1683,1.08,11,8.0,7,2.0
2018-06-25,Spain,Morocco,2,2,FIFA World Cup 2018,2.6045,1.0718,18,8.0,3,3.0
2018-06-25,Uruguay,Russia,3,0,FIFA World Cup 2018,2.4826,0.1802,16,3.0,6,1.0
2018-06-25,Saudi Arabia,Egypt,2,1,FIFA World Cup 2018,2.5458,0.9237,21,8.0,7,1.0
2018-06-25,Iran,Portugal,1,1,FIFA World Cup 2018,1.577,1.5224,9,15.0,2,4.0
2018-06-26,Australia,Peru,0,2,FIFA World Cup 2018,1.6293,0.3364,16,4.0,2,3.0
2018-06-26,Nigeria,Argentina,1,2,FIFA World Cup 2018,1.3053,0.8506,9,8.0,3,3.0
2018-06-26,Iceland,Croatia,1,2,FIFA World Cup 2018,2.1327,0.6739,17,13.0,6,2.0
2018-06-26,Denmark,France,0,0,FIFA World Cup 2018,0.139,0.4181,5,11.0,1,4.0
2018-06-27,Mexico,Sweden,0,3,FIFA World Cup 2018,1.6107,2.7905,22,15.0,3,5.0
2018-06-27,Switzerland,Costa Rica,2,2,FIFA World Cup 2018,1.2197,1.5762,13,14.0,3,6.0
2018-06-27,South Korea,Germany,2,0,FIFA World Cup 2018,1.7746,2.7064,12,29.0,5,6.0
2018-06-27,Serbia,Brazil,0,2,FIFA World Cup 2018,0.9483,1.4198,11,15.0,1,7.0
2018-06-28,England,Belgium,0,1,FIFA World Cup 2018,1.2007,0.9653,12,14.0,1,3.0
2018-06-28,Panama,Tunisia,1,2,FIFA World Cup 2018,0.6908,2.8525,9,15.0,4,6.0
2018-06-28,Japan,Poland,0,1,FIFA World Cup 2018,0.8906,1.0407,11,11.0,3,2.0
2018-06-28,Senegal,Colombia,0,1,FIFA World Cup 2018,0.3609,0.2849,7,4.0,3,2.0
2018-06-30,France,Argentina,4,3,FIFA World Cup 2018,1.638,1.4466,9,12.0,4,4.0
2018-06-30,Uruguay,Portugal,2,1,FIFA World Cup 2018,0.476,0.9956,7,21.0,3,4.0
2018-07-01,Croatia,Denmark,1,1,FIFA World Cup 2018,6.0877,4.614,26,19.0,11,8.0
2018-07-01,Spain,Russia,1,1,FIFA World Cup 2018,5.3586,4.5404,29,12.0,14,5.0
2018-07-02,Belgium,Japan,3,2,FIFA World Cup 2018,2.9178,0.6938,28,12.0,7,4.0
2018-07-02,Brazil,Mexico,2,0,FIFA World Cup 2018,3.3204,0.5828,19,14.0,10,1.0
2018-07-03,Colombia,England,1,1,FIFA World Cup 2018,4.7487,6.1618,19,22.0,8,7.0
2018-07-03,Sweden,Switzerland,1,0,FIFA World Cup 2018,0.9105,0.533,12,16.0,3,3.0
2018-07-06,Uruguay,France,0,2,FIFA World Cup 2018,0.6932,0.5388,10,11.0,4,2.0
2018-07-06,Brazil,Belgium,1,2,FIFA World Cup 2018,2.6092,0.4053,25,8.0,9,3.0
2018-07-07,Russia,Croatia,2,2,FIFA World Cup 2018,4.9884,5.568,18,23.0,10,9.0
2018-07-07,Sweden,England,0,2,FIFA World Cup 2018,0.8342,0.7582,8,12.0,3,2.0
2018-07-10,France,Belgium,1,0,FIFA World Cup 2018,1.6817,0.5669,19,9.0,5,2.0
2018-07-11,Croatia,England,2,1,FIFA World Cup 2018,2.1413,0.5467,22,11.0,7,1.0
2018-07-14,Belgium,England,2,0,FIFA World Cup 2018,1.3207,1.3354,11,15.0,4,5.0
2018-07-15,France,Croatia,4,2,FIFA World Cup 2018,1.098,1.4803,8,15.0,6,3.0
2021-06-11,Turkey,Italy,0,3,UEFA Euro 2020,0.151,1.5909,3,24.0,0,8.0
2021-06-12,Denmark,Finland,0,1,UEFA Euro 2020,1.9526,0.2885,22,1.0,6,1.0
2021-06-12,Wales,Switzerland,1,1,UEFA Euro 2020,0.5759,1.5599,9,18.0,2,4.0
2021-06-12,Belgium,Russia,3,0,UEFA Euro 2020,1.3934,0.2573,9,5.0,4,1.0
2021-06-13,Netherlands,Ukraine,3,2,UEFA Euro 2020,1.4298,0.5937,15,7.0,7,5.0
2021-06-13,Austria,North Macedonia,3,1,UEFA Euro 2020,1.4414,0.8399,10,7.0,6,2.0
2021-06-13,England,Croatia,1,0,UEFA Euro 2020,0.7069,0.3401,8,8.0,2,1.0
2021-06-14,Poland,Slovakia,1,2,UEFA Euro 2020,1.3888,0.3538,18,11.0,4,2.0
2021-06-14,Spain,Sweden,0,0,UEFA Euro 2020,1.9276,0.8158,17,4.0,5,0.0
2021-06-14,Scotland,Czech Republic,0,2,UEFA Euro 2020,1.7327,0.8108,19,10.0,4,7.0
2021-06-15,France,Germany,1,0,UEFA Euro 2020,0.446,0.8254,4,10.0,1,1.0
2021-06-15,Hungary,Portugal,0,3,UEFA Euro 2020,0.1976,2.681,5,11.0,3,7.0
2021-06-16,Turkey,Wales,0,2,UEFA Euro 2020,1.3103,2.874,18,16.0,5,7.0
2021-06-16,Finland,Russia,0,1,UEFA Euro 2020,0.9651,1.259,11,14.0,1,3.0
2021-06-16,Italy,Switzerland,3,0,UEFA Euro 2020,1.7058,0.3338,13,6.0,3,1.0
2021-06-17,Ukraine,North Macedonia,2,1,UEFA Euro 2020,3.2405,1.9847,17,13.0,9,5.0
2021-06-17,Denmark,Belgium,1,2,UEFA Euro 2020,1.623,1.0519,21,6.0,5,4.0
2021-06-17,Netherlands,Austria,2,0,UEFA Euro 2020,3.3375,0.3981,14,9.0,3,1.0
2021-06-18,Sweden,Slovakia,1,0,UEFA Euro 2020,1.584,0.5532,13,10.0,4,0.0
2021-06-18,Croatia,Czech Republic,1,1,UEFA Euro 2020,0.9902,1.9126,11,11.0,2,1.0
2021-06-18,England,Scotland,0,0,UEFA Euro 2020,0.8539,0.7354,9,11.0,1,1.0
2021-06-19,Hungary,France,1,1,UEFA Euro 2020,0.4735,1.69,5,17.0,3,4.0
2021-06-19,Spain,Poland,1,1,UEFA Euro 2020,2.6149,0.5523,12,5.0,5,2.0
2021-06-19,Portugal,Germany,2,4,UEFA Euro 2020,1.9357,2.1305,7,13.0,2,7.0
2021-06-20,Switzerland,Turkey,3,1,UEFA Euro 2020,1.984,1.2448,23,20.0,10,6.0
2021-06-20,Italy,Wales,1,0,UEFA Euro 2020,1.6691,0.2407,23,3.0,7,1.0
2021-06-21,North Macedonia,Netherlands,0,3,UEFA Euro 2020,0.7442,3.2199,13,17.0,1,7.0
2021-06-21,Finland,Belgium,0,2,UEFA Euro 2020,0.2402,1.1404,7,17.0,1,7.0
2021-06-21,Ukraine,Austria,0,1,UEFA Euro 2020,0.4103,1.4935,5,18.0,1,4.0
2021-06-21,Russia,Denmark,1,4,UEFA Euro 2020,1.091,2.3304,6,16.0,2,9.0
2021-06-22,Czech Republic,England,0,1,UEFA Euro 2020,0.393,0.6423,7,6.0,1,3.0
2021-06-22,Croatia,Scotland,3,1,UEFA Euro 2020,0.7815,1.1114,11,11.0,7,3.0
2021-06-23,Portugal,France,2,2,UEFA Euro 2020,2.0424,1.5066,10,11.0,5,5.0
2021-06-23,Sweden,Poland,3,2,UEFA Euro 2020,1.0418,1.6608,11,18.0,4,6.0
2021-06-23,Slovakia,Spain,0,5,UEFA Euro 2020,0.093,3.2231,3,19.0,0,9.0
2021-06-23,Germany,Hungary,2,2,UEFA Euro 2020,2.0977,0.7371,18,9.0,6,3.0
2021-06-26,Wales,Denmark,0,4,UEFA Euro 2020,0.5984,2.1553,11,16.0,1,8.0
2021-06-26,Italy,Austria,2,1,UEFA Euro 2020,1.5171,1.0385,26,16.0,6,3.0
2021-06-27,Netherlands,Czech Republic,0,2,UEFA Euro 2020,0.838,1.2731,6,12.0,0,5.0
2021-06-27,Belgium,Portugal,1,0,UEFA Euro 2020,0.2243,1.2148,6,23.0,1,4.0
2021-06-28,Croatia,Spain,3,5,UEFA Euro 2020,2.7882,2.78,11,24.0,6,10.0
2021-06-28,France,Switzerland,3,3,UEFA Euro 2020,6.5634,5.7715,31,18.0,13,10.0
2021-06-29,England,Germany,2,0,UEFA Euro 2020,1.1635,1.0585,5,9.0,4,3.0
2021-06-29,Sweden,Ukraine,1,2,UEFA Euro 2020,0.9119,1.3443,13,15.0,3,4.0
2021-07-02,Belgium,Italy,1,2,UEFA Euro 2020,1.8028,1.1426,10,14.0,3,4.0
2021-07-02,Switzerland,Spain,1,1,UEFA Euro 2020,3.9578,6.9281,12,34.0,5,15.0
2021-07-03,Ukraine,England,0,4,UEFA Euro 2020,0.3376,1.2155,7,10.0,2,6.0
2021-07-03,Czech Republic,Denmark,1,2,UEFA Euro 2020,1.1617,1.212,16,11.0,5,7.0
2021-07-06,Italy,Spain,1,1,UEFA Euro 2020,4.3157,4.5361,12,20.0,9,7.0
2021-07-07,England,Denmark,2,1,UEFA Euro 2020,3.0502,0.3755,21,6.0,10,3.0
2021-07-11,Italy,England,1,1,UEFA Euro 2020,5.9994,4.3437,24,11.0,11,5.0
2022-11-20,Qatar,Ecuador,0,2,FIFA World Cup 2022,0.3042,1.154,5,6.0,0,3.0
2022-11-21,England,Iran,6,2,FIFA World Cup 2022,1.9872,1.4557,13,8.0,7,3.0
2022-11-21,Senegal,Netherlands,0,2,FIFA World Cup 2022,0.6915,1.1239,15,10.0,4,3.0
2022-11-21,United States,Wales,1,1,FIFA World Cup 2022,0.6025,1.3953,6,7.0,1,3.0
2022-11-22,Argentina,Saudi Arabia,1,2,FIFA World Cup 2022,2.4916,0.1535,15,3.0,6,2.0
2022-11-22,Mexico,Poland,0,0,FIFA World Cup 2022,0.5291,1.1379,11,6.0,4,2.0
2022-11-22,Denmark,Tunisia,0,0,FIFA World Cup 2022,1.5666,1.0599,11,13.0,5,1.0
2022-11-23,Spain,Costa Rica,7,0,FIFA World Cup 2022,2.7619,,17,,8,
2022-11-23,Belgium,Canada,1,0,FIFA World Cup 2022,0.67,2.5462,9,22.0,3,3.0
2022-11-23,Morocco,Croatia,0,0,FIFA World Cup 2022,0.3626,0.8499,8,5.0,2,1.0
2022-11-23,Germany,Japan,1,2,FIFA World Cup 2022,2.768,1.2493,26,12.0,9,4.0
2022-11-24,Uruguay,South Korea,0,0,FIFA World Cup 2022,0.4173,0.493,10,7.0,1,0.0
2022-11-24,Brazil,Serbia,2,0,FIFA World Cup 2022,2.1239,0.1633,23,5.0,9,0.0
2022-11-24,Switzerland,Cameroon,1,0,FIFA World Cup 2022,1.4265,0.6131,7,8.0,3,5.0
2022-11-24,Portugal,Ghana,3,2,FIFA World Cup 2022,2.0969,0.78,11,9.0,5,3.0
2022-11-25,Wales,Iran,0,2,FIFA World Cup 2022,0.6156,1.454,10,21.0,3,6.0
2022-11-25,Netherlands,Ecuador,1,1,FIFA World Cup 2022,0.1045,1.6511,2,15.0,1,4.0
2022-11-25,England,United States,0,0,FIFA World Cup 2022,0.4606,0.5143,8,10.0,3,1.0
2022-11-25,Qatar,Senegal,1,3,FIFA World Cup 2022,0.9601,0.903,10,12.0,3,4.0
2022-11-26,Poland,Saudi Arabia,2,0,FIFA World Cup 2022,1.7342,1.972,9,17.0,3,5.0
2022-11-26,France,Denmark,2,1,FIFA World Cup 2022,1.9336,0.8885,21,10.0,6,2.0
2022-11-26,Argentina,Mexico,2,0,FIFA World Cup 2022,0.3252,0.2064,5,4.0,2,1.0
2022-11-26,Tunisia,Australia,0,1,FIFA World Cup 2022,1.0522,0.359,14,9.0,4,2.0
2022-11-27,Japan,Costa Rica,0,1,FIFA World Cup 2022,0.7735,0.1994,13,4.0,3,1.0
2022-11-27,Belgium,Morocco,0,2,FIFA World Cup 2022,0.6426,0.9911,10,10.0,4,4.0
2022-11-27,Spain,Germany,1,1,FIFA World Cup 2022,0.6395,1.147,7,11.0,3,4.0
2022-11-28,South Korea,Ghana,2,3,FIFA World Cup 2022,1.3678,1.1805,21,7.0,6,3.0
2022-11-28,Cameroon,Serbia,3,3,FIFA World Cup 2022,2.0703,1.7381,13,15.0,8,5.0
2022-11-28,Portugal,Uruguay,2,0,FIFA World Cup 2022,1.2137,1.2167,15,11.0,3,3.0
2022-11-28,Brazil,Switzerland,1,0,FIFA World Cup 2022,0.9227,0.2886,13,6.0,5,0.0
2022-11-29,Netherlands,Qatar,2,0,FIFA World Cup 2022,1.714,0.1437,13,5.0,4,3.0
2022-11-29,Ecuador,Senegal,1,2,FIFA World Cup 2022,1.0017,1.7075,9,13.0,4,3.0
2022-11-29,Wales,England,0,3,FIFA World Cup 2022,0.208,2.9155,7,18.0,1,7.0
2022-11-29,Iran,United States,0,1,FIFA World Cup 2022,0.9208,1.1697,4,12.0,1,5.0
2022-11-30,Saudi Arabia,Mexico,1,2,FIFA World Cup 2022,1.0761,2.3221,10,26.0,2,10.0
2022-11-30,Australia,Denmark,1,0,FIFA World Cup 2022,0.4697,0.7372,8,14.0,4,4.0
2022-11-30,Tunisia,France,1,0,FIFA World Cup 2022,0.2983,0.477,5,10.0,3,3.0
2022-11-30,Poland,Argentina,0,2,FIFA World Cup 2022,0.1976,3.0767,4,24.0,0,13.0
2022-12-01,Canada,Morocco,1,2,FIFA World Cup 2022,1.0956,0.4264,5,7.0,0,2.0
2022-12-01,Japan,Spain,2,1,FIFA World Cup 2022,1.1578,0.8577,6,12.0,3,5.0
2022-12-01,Croatia,Belgium,0,0,FIFA World Cup 2022,0.695,2.3818,11,16.0,4,3.0
2022-12-01,Costa Rica,Germany,2,4,FIFA World Cup 2022,1.0347,4.3161,7,31.0,5,11.0
2022-12-02,Serbia,Switzerland,2,3,FIFA World Cup 2022,1.189,3.1035,12,14.0,4,7.0
2022-12-02,Ghana,Uruguay,0,2,FIFA World Cup 2022,1.3927,1.6366,9,12.0,4,6.0
2022-12-03,Netherlands,United States,3,1,FIFA World Cup 2022,1.4819,1.6521,11,18.0,6,6.0
2022-12-03,Argentina,Australia,2,1,FIFA World Cup 2022,1.4816,0.4261,14,5.0,5,1.0
2022-12-04,France,Poland,3,1,FIFA World Cup 2022,1.1264,1.5935,16,12.0,8,2.0
2022-12-04,England,Senegal,3,0,FIFA World Cup 2022,1.02,0.9728,8,10.0,4,1.0
2022-12-05,Brazil,South Korea,4,1,FIFA World Cup 2022,3.2614,0.3448,18,8.0,10,6.0
2022-12-05,Japan,Croatia,1,1,FIFA World Cup 2022,4.203,3.9884,17,21.0,8,7.0
2022-12-06,Morocco,Spain,0,0,FIFA World Cup 2022,3.7044,2.8455,10,15.0,6,3.0
2022-12-06,Portugal,Switzerland,6,1,FIFA World Cup 2022,2.2843,1.2718,15,10.0,9,3.0
2022-12-09,Netherlands,Argentina,2,2,FIFA World Cup 2022,4.487,5.8567,12,19.0,7,9.0
2022-12-09,Croatia,Brazil,1,1,FIFA World Cup 2022,3.7669,4.9503,13,24.0,5,14.0
2022-12-10,Morocco,Portugal,1,0,FIFA World Cup 2022,0.972,0.7441,9,12.0,3,3.0
2022-12-10,England,France,1,2,FIFA World Cup 2022,2.3526,0.8394,16,8.0,7,5.0
2022-12-13,Argentina,Croatia,3,0,FIFA World Cup 2022,1.8644,0.4101,9,12.0,7,2.0
2022-12-14,France,Morocco,2,0,FIFA World Cup 2022,2.0024,1.2304,14,13.0,2,2.0
2022-12-17,Croatia,Morocco,2,1,FIFA World Cup 2022,0.8493,0.9915,12,9.0,4,2.0
2022-12-18,Argentina,France,3,3,FIFA World Cup 2022,5.8923,5.4066,24,14.0,14,8.0
2024-06-14,Germany,Scotland,5,1,UEFA Euro 2024,1.8446,0.0605,20,1.0,10,0.0
2024-06-15,Spain,Croatia,3,0,UEFA Euro 2024,1.5672,2.4821,11,16.0,5,5.0
2024-06-15,Italy,Albania,2,1,UEFA Euro 2024,1.4498,0.3546,17,8.0,5,2.0
2024-06-15,Hungary,Switzerland,1,3,UEFA Euro 2024,1.1028,2.0958,6,15.0,2,7.0
2024-06-16,Poland,Netherlands,1,2,UEFA Euro 2024,0.9092,1.3128,12,21.0,7,4.0
2024-06-16,Serbia,England,0,1,UEFA Euro 2024,0.2494,0.5588,6,5.0,1,3.0
2024-06-16,Slovenia,Denmark,1,1,UEFA Euro 2024,0.9664,1.5112,11,16.0,2,4.0
2024-06-17,Belgium,Slovakia,0,1,UEFA Euro 2024,1.7503,0.7111,16,10.0,5,4.0
2024-06-17,Austria,France,0,1,UEFA Euro 2024,0.7483,1.9045,5,14.0,3,3.0
2024-06-17,Romania,Ukraine,3,0,UEFA Euro 2024,1.1211,0.5435,10,13.0,5,2.0
2024-06-18,Portugal,Czech Republic,2,1,UEFA Euro 2024,1.8375,0.3148,19,5.0,8,1.0
2024-06-18,Turkey,Georgia,3,1,UEFA Euro 2024,2.4034,1.5786,22,14.0,7,4.0
2024-06-19,Scotland,Switzerland,1,1,UEFA Euro 2024,0.7719,0.9902,12,11.0,3,5.0
2024-06-19,Germany,Hungary,2,0,UEFA Euro 2024,1.4837,1.228,19,11.0,7,2.0
2024-06-19,Croatia,Albania,2,2,UEFA Euro 2024,1.8586,1.3259,21,14.0,8,7.0
2024-06-20,Slovenia,Serbia,1,1,UEFA Euro 2024,1.5522,1.4613,12,15.0,4,4.0
2024-06-20,Spain,Italy,1,0,UEFA Euro 2024,1.5339,0.1434,20,4.0,8,1.0
2024-06-20,Denmark,England,1,1,UEFA Euro 2024,0.7333,1.1727,16,12.0,7,4.0
2024-06-21,Netherlands,France,0,0,UEFA Euro 2024,0.7382,1.2184,9,15.0,4,3.0
2024-06-21,Argentina,Canada,2,0,Copa America 2024,3.5383,0.9773,19,10.0,8,2.0
2024-06-21,Slovakia,Ukraine,1,2,UEFA Euro 2024,0.7461,1.7317,14,13.0,5,5.0
2024-06-21,Poland,Austria,1,3,UEFA Euro 2024,1.4381,1.8217,15,15.0,3,9.0
2024-06-22,Belgium,Romania,2,0,UEFA Euro 2024,1.6458,1.246,20,14.0,9,4.0
2024-06-22,Georgia,Czech Republic,1,1,UEFA Euro 2024,1.1799,2.8655,5,27.0,1,11.0
2024-06-22,Turkey,Portugal,0,3,UEFA Euro 2024,0.779,1.9012,11,12.0,3,3.0
2024-06-22,Peru,Chile,0,0,Copa America 2024,0.6773,1.0248,7,11.0,4,1.0
2024-06-22,Ecuador,Venezuela,1,2,Copa America 2024,0.7356,1.585,9,14.0,4,5.0
2024-06-23,Scotland,Hungary,0,1,UEFA Euro 2024,0.1835,1.001,4,14.0,0,5.0
2024-06-23,Switzerland,Germany,1,1,UEFA Euro 2024,0.2801,1.5417,4,18.0,3,3.0
2024-06-23,Mexico,Jamaica,1,0,Copa America 2024,1.1361,0.5062,20,13.0,9,4.0
2024-06-23,United States,Bolivia,2,0,Copa America 2024,2.4047,0.1497,20,6.0,8,3.0
2024-06-24,Colombia,Paraguay,2,1,Copa America 2024,0.6219,0.8276,11,11.0,3,3.0
2024-06-24,Albania,Spain,0,1,UEFA Euro 2024,0.5032,0.9517,10,16.0,4,3.0
2024-06-24,Croatia,Italy,1,1,UEFA Euro 2024,1.4832,0.9854,6,13.0,4,3.0
2024-06-24,Uruguay,Panama,3,1,Copa America 2024,1.3614,0.5409,20,10.0,7,3.0
2024-06-25,Peru,Canada,0,1,Copa America 2024,0.5764,0.909,9,5.0,4,2.0
2024-06-25,England,Slovenia,0,0,UEFA Euro 2024,0.7562,0.1649,12,4.0,3,1.0
2024-06-25,Denmark,Serbia,0,0,UEFA Euro 2024,0.5515,0.3244,10,5.0,3,1.0
2024-06-25,France,Poland,1,1,UEFA Euro 2024,1.8915,1.1791,19,10.0,8,3.0
2024-06-25,Netherlands,Austria,2,3,UEFA Euro 2024,1.5102,1.0579,11,9.0,2,5.0
2024-06-25,Brazil,Costa Rica,0,0,Copa America 2024,1.6212,0.0367,20,2.0,3,0.0
2024-06-26,Ecuador,Jamaica,3,1,Copa America 2024,2.3658,0.9347,23,7.0,3,4.0
2024-06-26,Slovakia,Romania,1,1,UEFA Euro 2024,0.8447,1.1219,13,9.0,4,5.0
2024-06-26,Chile,Argentina,0,1,Copa America 2024,0.131,2.7841,3,22.0,3,9.0
2024-06-26,Czech Republic,Turkey,1,2,UEFA Euro 2024,1.4103,1.2175,12,18.0,6,5.0
2024-06-26,Georgia,Portugal,2,0,UEFA Euro 2024,1.3455,2.3561,7,22.0,3,5.0
2024-06-26,Ukraine,Belgium,0,0,UEFA Euro 2024,0.7092,0.634,14,12.0,5,4.0
2024-06-27,Venezuela,Mexico,1,0,Copa America 2024,1.1386,2.3843,10,18.0,2,5.0
2024-06-27,Panama,United States,2,1,Copa America 2024,0.7308,0.9143,13,6.0,4,3.0
2024-06-28,Colombia,Costa Rica,3,0,Copa America 2024,2.9023,0.1653,18,5.0,5,0.0
2024-06-28,Uruguay,Bolivia,5,0,Copa America 2024,2.321,0.0508,18,4.0,9,1.0
2024-06-29,Germany,Denmark,2,0,UEFA Euro 2024,2.2266,1.0735,15,10.0,9,2.0
2024-06-29,Paraguay,Brazil,1,4,Copa America 2024,0.6917,3.7477,15,17.0,6,6.0
2024-06-29,Switzerland,Italy,2,0,UEFA Euro 2024,0.7824,0.7257,16,11.0,4,1.0
2024-06-30,Spain,Georgia,4,1,UEFA Euro 2024,2.7647,0.1131,35,4.0,13,0.0
2024-06-30,England,Slovakia,2,1,UEFA Euro 2024,1.5867,1.5478,16,13.0,2,3.0
2024-06-30,Canada,Chile,0,0,Copa America 2024,0.6995,0.454,9,8.0,3,4.0
2024-06-30,Argentina,Peru,2,0,Copa America 2024,2.1058,0.1666,12,7.0,6,1.0
2024-07-01,Jamaica,Venezuela,0,3,Copa America 2024,0.6676,1.7144,8,17.0,1,3.0
2024-07-01,Mexico,Ecuador,0,0,Copa America 2024,0.9376,0.3058,20,9.0,4,3.0
2024-07-01,Portugal,Slovenia,0,0,UEFA Euro 2024,4.0717,3.066,23,13.0,9,5.0
2024-07-01,France,Belgium,1,0,UEFA Euro 2024,1.262,0.3632,19,5.0,2,2.0
2024-07-02,United States,Uruguay,0,1,Copa America 2024,0.471,1.2715,8,12.0,2,5.0
2024-07-02,Romania,Netherlands,0,3,UEFA Euro 2024,0.2677,2.6262,5,24.0,1,6.0
2024-07-02,Austria,Turkey,1,2,UEFA Euro 2024,2.487,0.8825,21,6.0,5,3.0
2024-07-02,Bolivia,Panama,1,3,Copa America 2024,0.7934,1.3406,7,13.0,3,6.0
2024-07-03,Brazil,Colombia,1,1,Copa America 2024,0.3058,1.503,7,13.0,3,6.0
2024-07-03,Costa Rica,Paraguay,2,1,Copa America 2024,0.2721,1.4401,2,17.0,2,6.0
2024-07-05,Spain,Germany,2,1,UEFA Euro 2024,1.5341,1.6291,19,23.0,6,5.0
2024-07-05,Argentina,Ecuador,1,1,Copa America 2024,4.7761,4.5225,13,13.0,6,6.0
2024-07-05,Portugal,France,0,0,UEFA Euro 2024,4.5428,4.9849,19,25.0,7,10.0
2024-07-06,Venezuela,Canada,1,1,Copa America 2024,5.6231,6.0521,21,22.0,8,10.0
2024-07-06,England,Switzerland,1,1,UEFA Euro 2024,4.4545,4.3354,18,16.0,8,7.0
2024-07-06,Colombia,Panama,5,0,Copa America 2024,2.1804,0.61,7,14.0,5,2.0
2024-07-06,Netherlands,Turkey,2,1,UEFA Euro 2024,0.7189,1.1824,11,15.0,4,4.0
2024-07-07,Uruguay,Brazil,0,0,Copa America 2024,4.5473,3.8099,17,11.0,6,6.0
2024-07-09,Spain,France,2,1,UEFA Euro 2024,0.4215,0.8508,6,9.0,2,3.0
2024-07-10,Argentina,Canada,2,0,Copa America 2024,1.7542,0.7176,11,9.0,3,2.0
2024-07-10,Netherlands,England,1,2,UEFA Euro 2024,0.4122,1.2366,7,9.0,3,5.0
2024-07-11,Uruguay,Colombia,0,1,Copa America 2024,0.7546,1.172,11,11.0,2,4.0
2024-07-14,Spain,England,2,1,UEFA Euro 2024,1.7917,0.7264,16,9.0,6,3.0
2024-07-14,Canada,Uruguay,2,2,Copa America 2024,6.2053,4.6504,19,16.0,9,9.0
2024-07-15,Argentina,Colombia,1,0,Copa America 2024,1.0827,0.9723,11,19.0,5,4.0
